"Дата","Цена","Откр.","Макс.","Мин.","Объём","Изм. %"
"31.03.2021","75,6987","75,8512","75,8783","75,2353","","-0,20%"
"30.03.2021","75,8495","75,4640","76,1723","75,4606","","0,24%"
"29.03.2021","75,6648","75,7698","76,0998","75,5728","","0,00%"
"26.03.2021","75,6633","75,8623","76,1875","75,6101","","-0,69%"
"25.03.2021","76,1870","76,3019","76,5839","75,7438","","-0,51%"
"24.03.2021","76,5795","76,6242","76,6440","75,7161","","0,26%"
"23.03.2021","76,3799","75,2078","76,3965","75,1212","","1,94%"
"22.03.2021","74,9227","74,3970","75,0791","74,3418","","1,08%"
"19.03.2021","74,1213","74,4060","74,4342","73,7650","","-0,26%"
"18.03.2021","74,3129","73,6095","74,3989","73,4488","","0,93%"
"17.03.2021","73,6311","73,0552","74,1925","72,9935","","1,04%"
"16.03.2021","72,8728","72,9298","73,0556","72,5404","","0,08%"
"15.03.2021","72,8170","73,4262","73,4406","72,8170","","-0,70%"
"12.03.2021","73,3335","73,5659","73,7261","73,2348","","0,04%"
"11.03.2021","73,3037","73,6618","73,8572","73,1935","","-0,41%"
"10.03.2021","73,6031","74,0919","74,1268","73,6005","","-0,41%"
"09.03.2021","73,9083","74,2287","74,5191","73,7870","","-0,43%"
"05.03.2021","74,2287","74,7030","74,7585","74,1230","","-0,63%"
"04.03.2021","74,7030","73,8005","74,9435","73,3583","","0,98%"
"03.03.2021","73,9755","73,9228","74,0529","73,4099","","0,22%"
"02.03.2021","73,8165","74,4741","74,7195","73,6246","","-0,48%"
"01.03.2021","74,1739","74,6196","74,6300","73,9062","","-0,60%"
"26.02.2021","74,6196","74,7301","74,9156","74,2633","","-0,15%"
"25.02.2021","74,7301","73,5305","74,8223","73,3677","","1,63%"
"24.02.2021","73,5305","74,3130","74,3130","73,4157","","-1,05%"
"22.02.2021","74,3130","74,0500","75,0445","74,0500","","0,35%"
"20.02.2021","74,0545","74,1116","74,1706","73,8806","","-0,08%"
"19.02.2021","74,1116","73,9036","74,1953","73,8043","","0,28%"
"18.02.2021","73,9036","73,7194","74,1567","73,5538","","0,25%"
"17.02.2021","73,7194","73,6533","74,1871","73,5556","","0,09%"
"16.02.2021","73,6533","73,3225","73,8965","73,1509","","0,45%"
"15.02.2021","73,3225","73,7114","73,7175","73,1566","","-0,53%"
"12.02.2021","73,7114","73,6155","74,4614","73,5170","","0,13%"
"11.02.2021","73,6155","73,9408","73,9450","73,5357","","-0,44%"
"10.02.2021","73,9408","73,8836","74,0047","73,6327","","0,08%"
"09.02.2021","73,8836","74,3034","74,3034","73,8723","","-0,56%"
"08.02.2021","74,3034","74,6528","74,6528","74,1570","","-0,47%"
"05.02.2021","74,6528","75,5065","75,5065","74,5365","","-1,13%"
"04.02.2021","75,5065","75,9423","76,0430","75,3199","","-0,57%"
"03.02.2021","75,9423","76,2240","76,2821","75,7821","","-0,37%"
"02.02.2021","76,2240","76,1354","76,2261","75,3236","","0,12%"
"01.02.2021","76,1354","75,7404","76,1860","75,3592","","0,52%"
"29.01.2021","75,7404","75,9592","76,3330","75,2508","","-0,29%"
"28.01.2021","75,9592","75,8464","76,4995","75,7025","","0,15%"
"27.01.2021","75,8464","75,0963","75,9664","74,8817","","1,00%"
"26.01.2021","75,0963","75,3460","75,7690","74,9556","","-0,33%"
"25.01.2021","75,3460","75,2899","75,8454","74,6421","","0,07%"
"22.01.2021","75,2899","73,8340","75,3530","73,8340","","1,97%"
"21.01.2021","73,8340","73,5241","74,0539","73,2524","","0,42%"
"20.01.2021","73,5241","73,6709","73,6800","73,2252","","-0,20%"
"19.01.2021","73,6709","74,0232","74,0232","73,6034","","-0,48%"
"18.01.2021","74,0232","73,6309","74,3643","73,6309","","0,53%"
"15.01.2021","73,6309","73,2179","73,8708","73,2100","","0,56%"
"14.01.2021","73,2179","73,7649","73,9952","73,1215","","-0,74%"
"13.01.2021","73,7649","73,5369","73,9703","73,3923","","0,31%"
"12.01.2021","73,5369","74,6691","74,6691","73,5057","","-1,52%"
"11.01.2021","74,6691","74,1636","74,9882","74,1545","","0,68%"
"08.01.2021","74,1636","73,9221","74,8097","73,8582","","0,33%"
"06.01.2021","73,9221","74,0283","74,1920","73,4184","","-0,14%"
"05.01.2021","74,0283","74,3051","75,1970","73,8609","","-0,37%"
"04.01.2021","74,3051","74,4121","74,4150","73,0857","","-0,14%"
"30.12.2020","74,4121","74,0354","74,9649","73,6495","","0,51%"
"29.12.2020","74,0354","73,7570","74,0882","73,3793","","0,38%"
"28.12.2020","73,7570","74,1956","74,1956","73,5498","","-0,59%"
"25.12.2020","74,1956","73,8873","74,2233","73,6338","","0,42%"
"24.12.2020","73,8873","75,0744","75,1465","73,8750","","-1,58%"
"23.12.2020","75,0744","75,8958","75,9100","74,7382","","-1,08%"
"22.12.2020","75,8958","74,8058","75,8983","74,8000","","1,46%"
"21.12.2020","74,8058","73,3477","75,4339","73,3464","","1,99%"
"18.12.2020","73,3477","72,8620","73,8658","72,8620","","0,67%"
"17.12.2020","72,8620","73,3497","73,3504","72,6629","","-0,66%"
"16.12.2020","73,3497","73,3824","73,7033","73,2609","","-0,04%"
"15.12.2020","73,3824","73,8683","73,8722","73,3256","","-0,66%"
"14.12.2020","73,8683","72,9572","73,9742","72,8020","","1,25%"
"11.12.2020","72,9572","73,0484","73,3939","72,9042","","-0,12%"
"10.12.2020","73,0484","73,8723","73,8915","72,9875","","-1,12%"
"09.12.2020","73,8723","73,5166","74,0410","73,1700","","0,48%"
"08.12.2020","73,5166","73,6484","73,8387","73,0598","","-0,18%"
"07.12.2020","73,6484","74,0634","74,5031","73,3032","","-0,56%"
"04.12.2020","74,0634","74,4431","74,4500","73,7716","","-0,51%"
"03.12.2020","74,4431","75,0718","75,3725","74,2960","","-0,84%"
"02.12.2020","75,0718","75,8453","75,9375","75,0718","","-1,02%"
"01.12.2020","75,8453","76,4033","76,4123","75,5635","","-0,73%"
"30.11.2020","76,4033","75,8605","76,5633","75,8084","","0,72%"
"27.11.2020","75,8605","75,7072","76,3024","75,6560","","0,20%"
"26.11.2020","75,7072","75,5406","75,7497","75,3270","","0,22%"
"25.11.2020","75,5406","75,4715","75,9678","75,3325","","0,09%"
"24.11.2020","75,4715","76,1755","76,1755","75,3620","","-0,92%"
"23.11.2020","76,1755","76,1924","76,5025","75,5883","","-0,02%"
"20.11.2020","76,1924","76,0553","76,2618","75,8693","","0,18%"
"19.11.2020","76,0553","76,0511","76,6023","76,0497","","0,01%"
"18.11.2020","76,0511","76,2305","76,3149","75,5415","","-0,24%"
"17.11.2020","76,2305","76,1698","76,6608","76,1371","","0,08%"
"16.11.2020","76,1698","77,4023","77,4023","76,1698","","-1,59%"
"13.11.2020","77,4023","77,3496","77,6973","77,1855","","0,07%"
"12.11.2020","77,3496","77,1139","77,5357","76,6478","","0,31%"
"11.11.2020","77,1139","76,5700","77,1805","76,0648","","0,71%"
"10.11.2020","76,5700","76,3064","76,8763","76,1413","","0,35%"
"09.11.2020","76,3064","77,4158","77,4158","75,7712","","-1,43%"
"06.11.2020","77,4158","77,0264","77,9096","76,9942","","0,51%"
"05.11.2020","77,0264","79,3552","79,3552","76,7948","","-2,93%"
"03.11.2020","79,3552","80,5386","80,5500","79,0757","","-1,47%"
"02.11.2020","80,5386","79,5257","80,9205","79,5257","","1,27%"
"30.10.2020","79,5257","78,8685","79,5680","78,7848","","0,83%"
"29.10.2020","78,8685","79,2242","79,5905","78,6219","","-0,45%"
"28.10.2020","79,2242","77,3059","79,2268","77,3059","","2,48%"
"27.10.2020","77,3059","76,4950","77,3084","76,2755","","1,06%"
"26.10.2020","76,4950","76,1235","76,6070","76,0220","","0,49%"
"23.10.2020","76,1235","76,6168","76,8063","76,1201","","-0,64%"
"22.10.2020","76,6168","76,7229","77,1922","76,3880","","-0,14%"
"21.10.2020","76,7229","77,3423","77,3423","76,5874","","-0,80%"
"20.10.2020","77,3423","77,6500","78,0559","77,2907","","-0,40%"
"19.10.2020","77,6500","77,8938","78,0495","77,4447","","-0,31%"
"16.10.2020","77,8938","78,0885","78,3478","77,7567","","-0,25%"
"15.10.2020","78,0885","77,6328","78,4517","77,6325","","0,59%"
"14.10.2020","77,6328","77,0491","77,7270","77,0491","","0,76%"
"13.10.2020","77,0491","77,1449","77,4149","76,8830","","-0,12%"
"12.10.2020","77,1449","76,7675","77,2465","76,7657","","0,49%"
"09.10.2020","76,7675","77,3714","77,3714","76,6833","","-0,78%"
"08.10.2020","77,3714","78,0320","78,0988","77,3003","","-0,85%"
"07.10.2020","78,0320","78,4490","78,4723","77,9158","","-0,53%"
"06.10.2020","78,4490","78,1055","78,6503","77,6405","","0,44%"
"05.10.2020","78,1055","78,1851","78,8535","77,8652","","-0,10%"
"02.10.2020","78,1851","77,3346","78,8023","77,3225","","1,10%"
"01.10.2020","77,3346","77,6319","77,6319","77,0253","","-0,38%"
"30.09.2020","77,6319","79,0732","79,3410","77,5793","","-1,82%"
"29.09.2020","79,0732","79,0566","79,9438","78,4795","","0,02%"
"28.09.2020","79,0566","78,2164","79,2906","78,1315","","1,07%"
"25.09.2020","78,2164","77,1487","78,4860","76,6545","","1,38%"
"24.09.2020","77,1487","77,0808","77,4752","76,9096","","0,09%"
"23.09.2020","77,0808","76,0992","77,0925","76,0992","","1,29%"
"22.09.2020","76,0992","76,1224","76,4473","75,7379","","-0,03%"
"21.09.2020","76,1224","75,7440","76,5350","75,5799","","0,50%"
"18.09.2020","75,7440","75,2033","75,7638","74,9502","","0,72%"
"17.09.2020","75,2033","74,9778","75,4382","74,9358","","0,30%"
"16.09.2020","74,9778","75,0223","75,0979","74,6624","","-0,06%"
"15.09.2020","75,0223","75,2574","75,3668","74,8622","","-0,31%"
"14.09.2020","75,2574","75,1000","75,5145","74,5940","","0,22%"
"11.09.2020","75,0956","75,2048","75,2048","74,7645","","-0,15%"
"10.09.2020","75,2048","75,3163","75,6695","74,6810","","-0,15%"
"09.09.2020","75,3163","76,2826","76,3873","75,2898","","-1,27%"
"08.09.2020","76,2826","75,7585","76,5688","75,7328","","0,69%"
"07.09.2020","75,7585","75,4087","76,2455","75,4087","","0,46%"
"04.09.2020","75,4087","75,2680","75,6511","74,9388","","0,19%"
"03.09.2020","75,2680","75,4015","75,8095","74,8830","","-0,18%"
"02.09.2020","75,4015","73,5765","75,6756","73,5764","","2,48%"
"01.09.2020","73,5765","74,0718","74,0750","73,3757","","-0,67%"
"31.08.2020","74,0718","74,0056","74,5095","73,6445","","0,09%"
"28.08.2020","74,0056","74,9588","74,9664","74,0056","","-1,27%"
"27.08.2020","74,9588","75,3995","75,4954","74,7514","","-0,58%"
"26.08.2020","75,3995","75,3312","75,9878","75,3238","","0,09%"
"25.08.2020","75,3312","74,6401","75,7065","74,3320","","0,93%"
"24.08.2020","74,6401","74,7995","74,8000","74,1743","","-0,21%"
"21.08.2020","74,7995","73,7823","75,0010","73,7327","","1,38%"
"20.08.2020","73,7823","73,2920","74,1805","73,2920","","0,67%"
"19.08.2020","73,2920","73,1634","73,5430","73,0525","","0,18%"
"18.08.2020","73,1634","73,7015","73,7018","72,9473","","-0,73%"
"17.08.2020","73,7015","72,8558","73,7964","72,8001","","1,16%"
"14.08.2020","72,8558","72,9555","73,4780","72,8112","","-0,14%"
"13.08.2020","72,9555","73,7116","73,7597","72,9244","","-1,03%"
"12.08.2020","73,7116","73,1506","73,8008","73,0127","","0,77%"
"11.08.2020","73,1506","73,4667","73,5058","72,7023","","-0,43%"
"10.08.2020","73,4667","73,7170","73,9855","73,3681","","-0,34%"
"07.08.2020","73,7170","73,2782","73,9062","73,2782","","0,60%"
"06.08.2020","73,2782","72,8745","73,5925","72,6924","","0,55%"
"05.08.2020","72,8745","73,5325","73,5325","72,6438","","-0,89%"
"04.08.2020","73,5325","73,1149","74,0219","72,9504","","0,57%"
"03.08.2020","73,1149","74,4114","74,5348","73,1083","","-1,74%"
"31.07.2020","74,4114","73,1543","74,4947","73,1543","","1,72%"
"30.07.2020","73,1543","72,5810","73,7732","72,5700","","0,79%"
"29.07.2020","72,5810","72,5804","72,8590","72,0779","","0,00%"
"28.07.2020","72,5804","71,5650","72,6820","71,5650","","1,42%"
"27.07.2020","71,5650","71,7290","71,9212","71,4396","","-0,23%"
"24.07.2020","71,7290","71,4585","71,9760","71,3555","","0,38%"
"23.07.2020","71,4585","71,0675","71,6090","70,8310","","0,55%"
"22.07.2020","71,0675","70,7443","71,2837","70,6068","","0,46%"
"21.07.2020","70,7443","71,3428","71,3428","70,5414","","-0,84%"
"20.07.2020","71,3428","71,8825","72,1098","71,3372","","-0,75%"
"17.07.2020","71,8825","71,5920","71,9888","71,5682","","0,41%"
"16.07.2020","71,5920","70,9881","71,5935","70,9881","","0,85%"
"15.07.2020","70,9881","70,8703","71,1068","70,6639","","0,17%"
"14.07.2020","70,8703","70,9912","71,3312","70,8371","","-0,17%"
"13.07.2020","70,9912","70,7118","71,0449","70,5135","","0,40%"
"10.07.2020","70,7118","70,9414","71,4243","70,6642","","-0,32%"
"09.07.2020","70,9414","71,1138","71,1138","70,5064","","-0,24%"
"08.07.2020","71,1138","71,4936","71,5591","71,0509","","-0,53%"
"07.07.2020","71,4936","71,8276","72,2940","71,2525","","-0,47%"
"06.07.2020","71,8276","71,3983","72,0897","70,8085","","0,60%"
"03.07.2020","71,3983","70,5747","71,6532","70,3734","","1,17%"
"02.07.2020","70,5747","71,1734","71,2000","70,2013","","-0,84%"
"30.06.2020","71,1734","69,9980","71,3213","69,9900","","1,68%"
"29.06.2020","69,9980","69,7955","70,4325","69,6273","","0,29%"
"26.06.2020","69,7955","69,0183","69,9757","69,0183","","1,13%"
"25.06.2020","69,0183","68,8651","69,6505","68,8623","","0,22%"
"23.06.2020","68,8651","69,1003","69,1040","68,5636","","-0,34%"
"22.06.2020","69,1003","69,4460","69,5855","68,9895","","-0,50%"
"19.06.2020","69,4460","69,8744","69,8744","69,1917","","-0,61%"
"18.06.2020","69,8744","69,7446","69,9680","69,1860","","0,19%"
"17.06.2020","69,7446","69,6567","69,8775","69,3809","","0,13%"
"16.06.2020","69,6567","69,5536","69,9227","69,2038","","0,15%"
"15.06.2020","69,5536","70,2013","70,4949","69,5520","","-0,92%"
"11.06.2020","70,2013","68,4949","70,2284","68,4949","","2,49%"
"10.06.2020","68,4949","68,5617","68,9157","68,2240","","-0,10%"
"09.06.2020","68,5617","68,1966","68,9384","68,1966","","0,54%"
"08.06.2020","68,1966","68,6860","68,7000","68,0563","","-0,71%"
"05.06.2020","68,6860","69,1601","69,1601","68,2785","","-0,69%"
"04.06.2020","69,1601","68,6504","69,5345","68,6504","","0,74%"
"03.06.2020","68,6504","68,6754","68,9224","68,2380","","-0,04%"
"02.06.2020","68,6754","69,1249","69,1315","68,5882","","-0,65%"
"01.06.2020","69,1249","70,1445","70,1445","69,1249","","-1,45%"
"29.05.2020","70,1445","70,4928","70,8377","70,1445","","-0,49%"
"28.05.2020","70,4928","71,0038","71,1953","70,1447","","-0,72%"
"27.05.2020","71,0038","70,7948","71,4505","70,7800","","0,30%"
"26.05.2020","70,7948","71,6901","71,6901","70,6225","","-1,25%"
"25.05.2020","71,6901","71,6123","71,8330","71,4385","","0,11%"
"22.05.2020","71,6123","70,9631","72,0820","70,9625","","0,91%"
"21.05.2020","70,9631","71,1180","71,1835","70,6254","","-0,22%"
"20.05.2020","71,1180","72,4881","72,4888","71,0885","","-1,89%"
"19.05.2020","72,4881","72,6718","72,7206","72,2179","","-0,25%"
"18.05.2020","72,6718","73,6160","73,6300","72,6000","","-1,28%"
"15.05.2020","73,6160","73,4875","73,8596","73,0438","","0,17%"
"14.05.2020","73,4875","73,9290","74,4828","73,4387","","-0,60%"
"13.05.2020","73,9290","73,7134","74,2608","73,1035","","0,29%"
"12.05.2020","73,7134","73,4267","73,7934","72,9803","","0,39%"
"08.05.2020","73,4267","74,1003","74,1024","73,1154","","-0,91%"
"07.05.2020","74,1003","74,5643","74,5800","73,6050","","-0,62%"
"06.05.2020","74,5643","73,7551","74,9833","73,4536","","1,10%"
"05.05.2020","73,7551","74,8191","74,8191","73,5614","","-1,42%"
"04.05.2020","74,8191","74,3813","75,9330","74,3813","","0,59%"
"30.04.2020","74,3813","73,0162","74,6000","72,6449","","1,87%"
"29.04.2020","73,0162","74,1033","74,1033","72,9944","","-1,47%"
"28.04.2020","74,1033","74,4935","74,8158","73,8047","","-0,52%"
"27.04.2020","74,4935","74,5651","74,7972","74,0637","","-0,10%"
"24.04.2020","74,5651","74,7727","74,8824","73,9827","","-0,28%"
"23.04.2020","74,7727","75,9065","75,9072","74,2494","","-1,49%"
"22.04.2020","75,9065","77,0694","77,5322","75,8369","","-1,51%"
"21.04.2020","77,0694","75,5185","77,6158","75,5185","","2,05%"
"20.04.2020","75,5185","73,9580","75,5185","73,9500","","2,11%"
"17.04.2020","73,9580","74,1841","74,4013","73,6193","","-0,30%"
"16.04.2020","74,1841","74,8437","75,0257","73,7649","","-0,88%"
"15.04.2020","74,8437","72,9953","75,3450","72,9953","","2,53%"
"14.04.2020","72,9953","73,6013","73,6100","72,7453","","-0,82%"
"13.04.2020","73,6013","73,7523","73,7590","73,3943","","-0,20%"
"10.04.2020","73,7523","74,2565","74,2828","73,1902","","-0,68%"
"09.04.2020","74,2565","74,9406","74,9630","72,9205","","-0,91%"
"08.04.2020","74,9406","75,5471","75,8867","74,9202","","-0,80%"
"07.04.2020","75,5471","76,0059","76,0200","75,1935","","-0,60%"
"06.04.2020","76,0059","76,4918","76,6555","75,9388","","-0,64%"
"03.04.2020","76,4918","77,2349","77,5814","76,4902","","-0,96%"
"02.04.2020","77,2349","78,7310","79,2057","77,2330","","-1,90%"
"01.04.2020","78,7310","78,4426","79,3351","78,4426","","0,37%"
"31.03.2020","78,4426","79,3378","79,3378","77,7498","","-1,13%"
"30.03.2020","79,3378","78,8122","80,3865","78,8122","","0,67%"
"27.03.2020","78,8122","77,4751","79,2873","77,4675","","1,73%"
"26.03.2020","77,4751","78,2023","79,0237","77,0185","","-0,93%"
"25.03.2020","78,2023","78,2965","79,3950","76,9841","","-0,12%"
"24.03.2020","78,2965","79,5936","79,6000","78,1874","","-1,63%"
"23.03.2020","79,5936","79,9236","81,2431","79,3854","","-0,41%"
"20.03.2020","79,9236","79,1566","80,1497","77,4476","","0,97%"
"19.03.2020","79,1566","80,8692","81,6654","78,6400","","-2,12%"
"18.03.2020","80,8692","75,4362","80,8700","75,4362","","7,20%"
"17.03.2020","75,4362","74,6596","75,4752","73,4589","","1,04%"
"16.03.2020","74,6596","72,6133","75,3926","72,5975","","2,82%"
"13.03.2020","72,6133","74,8742","74,9023","72,0685","","-3,02%"
"12.03.2020","74,8742","72,9375","75,4270","72,9100","","2,66%"
"11.03.2020","72,9375","71,3747","73,1420","71,1785","","2,19%"
"10.03.2020","71,3747","68,5685","72,7935","68,5685","","4,09%"
"06.03.2020","68,5685","67,6538","68,5893","67,3500","","1,35%"
"05.03.2020","67,6538","66,2666","67,7243","66,0865","","2,09%"
"04.03.2020","66,2666","65,9881","66,5289","65,5227","","0,42%"
"03.03.2020","65,9881","66,4319","66,6332","65,3718","","-0,67%"
"02.03.2020","66,4319","66,8806","67,3037","66,1183","","-0,67%"
"28.02.2020","66,8806","66,0217","67,6273","66,0150","","1,30%"
"27.02.2020","66,0217","65,4708","66,3954","65,4535","","0,84%"
"26.02.2020","65,4708","65,3726","65,7072","64,9758","","0,15%"
"25.02.2020","65,3726","64,0561","65,5841","64,0561","","2,06%"
"21.02.2020","64,0561","64,2038","64,5557","63,9151","","-0,23%"
"20.02.2020","64,2038","63,5710","64,2899","63,5710","","1,00%"
"19.02.2020","63,5710","63,8115","63,8118","63,4624","","-0,38%"
"18.02.2020","63,8115","63,4645","64,1482","63,4645","","0,55%"
"17.02.2020","63,4645","63,5556","63,5625","63,2157","","-0,14%"
"14.02.2020","63,5556","63,6413","63,6465","63,3913","","-0,13%"
"13.02.2020","63,6413","63,2143","63,7698","63,2123","","0,68%"
"12.02.2020","63,2143","63,3759","63,3760","62,9315","","-0,25%"
"11.02.2020","63,3759","64,1332","64,1332","63,2510","","-1,18%"
"10.02.2020","64,1332","64,1100","64,2930","63,6596","","0,04%"
"07.02.2020","64,1100","63,3488","64,2214","63,2394","","1,20%"
"06.02.2020","63,3488","62,8877","63,4173","62,7255","","0,73%"
"05.02.2020","62,8877","63,1093","63,2797","62,5671","","-0,35%"
"04.02.2020","63,1093","63,7150","63,7250","62,8511","","-0,95%"
"03.02.2020","63,7150","63,9203","64,0934","63,4933","","-0,32%"
"31.01.2020","63,9203","63,2759","63,9415","63,0663","","1,02%"
"30.01.2020","63,2759","62,5451","63,5063","62,5400","","1,17%"
"29.01.2020","62,5451","62,2825","62,8160","62,2825","","0,42%"
"28.01.2020","62,2825","62,9797","63,1306","62,2817","","-1,11%"
"27.01.2020","62,9797","62,0857","63,0959","62,0700","","1,44%"
"24.01.2020","62,0857","61,9020","62,2722","61,7284","","0,30%"
"23.01.2020","61,9020","61,8397","62,0862","61,8365","","0,10%"
"22.01.2020","61,8397","61,8802","62,0586","61,7808","","-0,07%"
"21.01.2020","61,8802","61,5553","61,9665","61,5475","","0,53%"
"20.01.2020","61,5553","61,5573","61,6424","61,3888","","0,00%"
"17.01.2020","61,5573","61,6574","61,6746","61,3025","","-0,16%"
"16.01.2020","61,6574","61,4315","61,7544","61,3912","","0,37%"
"15.01.2020","61,4315","61,4394","61,6851","61,3488","","-0,01%"
"14.01.2020","61,4394","61,2727","61,5208","61,2363","","0,27%"
"13.01.2020","61,2727","61,0548","61,3799","60,8918","","0,36%"
"10.01.2020","61,0548","61,2830","61,3778","60,8865","","-0,37%"
"09.01.2020","61,2830","61,2437","61,3925","61,1412","","0,06%"
"08.01.2020","61,2437","61,8227","61,9875","61,0892","","-0,94%"
"06.01.2020","61,8227","62,0922","62,3358","61,7531","","-0,43%"
"03.01.2020","62,0922","61,9863","62,2218","61,8170","","0,17%"
"30.12.2019","61,9863","62,0332","62,0662","61,6533","","-0,08%"
"27.12.2019","62,0332","62,2138","62,2138","61,8039","","-0,29%"
"26.12.2019","62,2138","61,8489","62,2496","61,6776","","0,59%"
"25.12.2019","61,8489","61,9669","61,9675","61,5403","","-0,19%"
"24.12.2019","61,9669","62,2680","62,2723","61,9054","","-0,48%"
"23.12.2019","62,2680","62,2634","62,3541","62,1408","","0,01%"
"20.12.2019","62,2634","62,4133","62,4660","62,0157","","-0,24%"
"19.12.2019","62,4133","62,6610","62,6650","62,3051","","-0,40%"
"18.12.2019","62,6610","62,4038","62,7145","62,4038","","0,41%"
"17.12.2019","62,4038","62,4428","62,7320","62,3605","","-0,06%"
"16.12.2019","62,4428","62,8650","62,8650","62,3817","","-0,67%"
"13.12.2019","62,8624","62,8402","62,9386","62,1662","","0,04%"
"12.12.2019","62,8402","63,2695","63,2910","62,6998","","-0,68%"
"11.12.2019","63,2695","63,5011","63,6103","63,2679","","-0,36%"
"10.12.2019","63,5011","63,5847","63,6574","63,4610","","-0,13%"
"09.12.2019","63,5847","63,7533","63,8007","63,5491","","-0,26%"
"06.12.2019","63,7533","63,7294","63,8331","63,6035","","0,04%"
"05.12.2019","63,7294","63,9429","63,9500","63,7194","","-0,33%"
"04.12.2019","63,9429","64,1502","64,2392","63,8314","","-0,32%"
"03.12.2019","64,1502","64,1748","64,2860","64,0723","","-0,04%"
"02.12.2019","64,1748","64,3195","64,4819","64,1643","","-0,22%"
"29.11.2019","64,3195","64,0735","64,3414","64,0200","","0,38%"
"28.11.2019","64,0735","63,9615","64,1827","63,9615","","0,18%"
"27.11.2019","63,9615","63,9516","64,1033","63,9067","","0,02%"
"26.11.2019","63,9516","63,9381","64,1314","63,9139","","0,02%"
"25.11.2019","63,9381","63,8623","64,0615","63,7324","","0,12%"
"22.11.2019","63,8623","63,7094","63,8995","63,6189","","0,24%"
"21.11.2019","63,7094","63,8991","63,8991","63,6610","","-0,30%"
"20.11.2019","63,8991","63,8192","64,1046","63,7913","","0,13%"
"19.11.2019","63,8192","63,8278","63,8814","63,6491","","-0,01%"
"18.11.2019","63,8278","63,7628","63,9453","63,6951","","0,10%"
"15.11.2019","63,7628","63,9828","63,9828","63,7105","","-0,34%"
"14.11.2019","63,9828","64,3456","64,3500","63,9828","","-0,56%"
"13.11.2019","64,3456","64,2272","64,4618","64,1344","","0,18%"
"12.11.2019","64,2272","63,8874","64,2762","63,7840","","0,53%"
"11.11.2019","63,8874","63,8046","63,9816","63,8000","","0,13%"
"08.11.2019","63,8046","63,5284","63,9531","63,5200","","0,43%"
"07.11.2019","63,5284","63,8725","63,9079","63,3810","","-0,54%"
"06.11.2019","63,8725","63,4946","64,0270","63,4946","","0,60%"
"05.11.2019","63,4946","63,5244","63,6776","63,1815","","-0,05%"
"01.11.2019","63,5244","64,1328","64,1328","63,3764","","-0,95%"
"31.10.2019","64,1328","63,8536","64,1799","63,7098","","0,44%"
"30.10.2019","63,8536","63,9463","64,1398","63,7704","","-0,14%"
"29.10.2019","63,9463","63,7520","64,0240","63,7520","","0,30%"
"28.10.2019","63,7520","63,8639","63,9327","63,5713","","-0,18%"
"25.10.2019","63,8639","64,0693","64,0703","63,6539","","-0,32%"
"24.10.2019","64,0693","63,9333","64,1383","63,7570","","0,21%"
"23.10.2019","63,9333","63,7282","63,9887","63,7021","","0,32%"
"22.10.2019","63,7282","63,7151","63,7964","63,5624","","0,02%"
"21.10.2019","63,7151","63,7651","63,8470","63,6337","","-0,08%"
"18.10.2019","63,7651","64,1176","64,1176","63,7616","","-0,55%"
"17.10.2019","64,1176","64,0773","64,2211","63,8569","","0,06%"
"16.10.2019","64,0773","64,2749","64,4443","64,0619","","-0,31%"
"15.10.2019","64,2749","64,2950","64,5010","64,1944","","-0,03%"
"14.10.2019","64,2950","64,2224","64,4268","64,2050","","0,11%"
"11.10.2019","64,2224","64,4582","64,4582","64,0243","","-0,37%"
"10.10.2019","64,4582","64,8895","64,8895","64,4063","","-0,66%"
"09.10.2019","64,8895","65,2004","65,2004","64,8221","","-0,48%"
"08.10.2019","65,2004","64,9596","65,3466","64,7777","","0,37%"
"07.10.2019","64,9596","64,6288","64,9740","64,6150","","0,51%"
"04.10.2019","64,6288","65,1317","65,1317","64,5483","","-0,77%"
"03.10.2019","65,1317","65,2033","65,3591","65,0340","","-0,11%"
"02.10.2019","65,2033","65,2647","65,5577","65,0384","","-0,09%"
"01.10.2019","65,2647","64,8569","65,4347","64,8569","","0,63%"
"30.09.2019","64,8569","64,6841","65,0026","64,5845","","0,27%"
"27.09.2019","64,6841","64,2124","64,7088","64,2100","","0,73%"
"26.09.2019","64,2124","64,1506","64,3729","64,1151","","0,10%"
"25.09.2019","64,1506","63,9902","64,4728","63,9850","","0,25%"
"24.09.2019","63,9902","63,8469","64,0000","63,6178","","0,22%"
"23.09.2019","63,8469","64,0200","64,0641","63,8092","","-0,27%"
"20.09.2019","64,0200","63,9748","64,0819","63,7130","","0,07%"
"19.09.2019","63,9748","64,1630","64,2979","63,8195","","-0,29%"
"18.09.2019","64,1630","64,3652","64,5024","64,1290","","-0,31%"
"17.09.2019","64,3652","64,0405","64,4629","63,9872","","0,51%"
"16.09.2019","64,0405","64,3403","64,3403","63,6600","","-0,47%"
"13.09.2019","64,3403","64,7151","64,7151","64,1535","","-0,58%"
"12.09.2019","64,7151","65,4915","65,5000","64,6918","","-1,19%"
"11.09.2019","65,4915","65,4233","65,6365","65,2928","","0,10%"
"10.09.2019","65,4233","65,5344","65,5545","65,2531","","-0,17%"
"09.09.2019","65,5344","65,7289","65,7306","65,3555","","-0,30%"
"06.09.2019","65,7289","66,2335","66,2335","65,5992","","-0,76%"
"05.09.2019","66,2335","66,2255","66,2721","65,8993","","0,01%"
"04.09.2019","66,2255","66,7693","66,7693","66,0808","","-0,81%"
"03.09.2019","66,7693","66,7973","67,1229","66,7571","","-0,04%"
"02.09.2019","66,7973","66,7657","66,8400","66,5660","","0,05%"
"30.08.2019","66,7657","66,5718","66,8124","66,3115","","0,29%"
"29.08.2019","66,5718","66,7779","66,8906","66,4315","","-0,31%"
"28.08.2019","66,7779","66,4352","66,9535","66,3503","","0,52%"
"27.08.2019","66,4352","66,0593","66,6896","66,0593","","0,57%"
"26.08.2019","66,0593","65,9990","66,1425","65,8547","","0,09%"
"23.08.2019","65,9990","65,6081","66,1942","65,5353","","0,60%"
"22.08.2019","65,6081","65,7540","65,9159","65,4556","","-0,22%"
"21.08.2019","65,7540","66,5455","66,5650","65,6492","","-1,19%"
"20.08.2019","66,5455","66,8987","67,0161","66,4326","","-0,53%"
"19.08.2019","66,8987","66,5148","67,0210","66,2737","","0,58%"
"16.08.2019","66,5148","66,0533","66,5584","65,8630","","0,70%"
"15.08.2019","66,0533","66,0531","66,5721","65,6799","","0,00%"
"14.08.2019","66,0531","64,9112","66,1051","64,9112","","1,76%"
"13.08.2019","64,9112","65,4132","65,8733","64,7981","","-0,77%"
"12.08.2019","65,4132","65,2816","65,6801","65,2663","","0,20%"
"09.08.2019","65,2816","65,0435","65,5220","65,0435","","0,37%"
"08.08.2019","65,0435","65,3237","65,4239","65,0346","","-0,43%"
"07.08.2019","65,3237","65,2723","65,6765","64,9628","","0,08%"
"06.08.2019","65,2723","65,5195","65,5300","65,0003","","-0,38%"
"05.08.2019","65,5195","65,2713","65,5940","64,8627","","0,38%"
"02.08.2019","65,2713","64,3518","65,4141","64,3518","","1,43%"
"01.08.2019","64,3518","63,6284","64,3774","63,6250","","1,14%"
"31.07.2019","63,6284","63,5067","63,7806","63,2562","","0,19%"
"30.07.2019","63,5067","63,4357","63,7251","63,2489","","0,11%"
"29.07.2019","63,4357","63,3663","63,6259","63,3663","","0,11%"
"26.07.2019","63,3663","63,2336","63,4933","63,0703","","0,21%"
"25.07.2019","63,2336","63,2936","63,2975","62,8660","","-0,09%"
"24.07.2019","63,2936","63,1609","63,3060","63,0116","","0,21%"
"23.07.2019","63,1609","63,0960","63,3266","63,0841","","0,10%"
"22.07.2019","63,0960","63,0295","63,1268","62,9304","","0,11%"
"19.07.2019","63,0295","62,8087","63,0550","62,8022","","0,35%"
"18.07.2019","62,8087","62,9353","63,1323","62,7675","","-0,20%"
"17.07.2019","62,9353","63,0391","63,0422","62,7245","","-0,16%"
"16.07.2019","63,0391","62,6628","63,0780","62,6494","","0,60%"
"15.07.2019","62,6628","62,9505","62,9897","62,5653","","-0,46%"
"12.07.2019","62,9505","62,8166","63,1919","62,8150","","0,21%"
"11.07.2019","62,8166","63,1755","63,1800","62,7697","","-0,57%"
"10.07.2019","63,1755","63,9014","63,9121","63,1216","","-1,14%"
"09.07.2019","63,9014","63,6823","63,9381","63,6823","","0,34%"
"08.07.2019","63,6823","63,8159","63,9788","63,4958","","-0,21%"
"05.07.2019","63,8159","63,4766","63,8618","63,4375","","0,53%"
"04.07.2019","63,4766","63,3220","63,5161","63,3196","","0,24%"
"03.07.2019","63,3220","63,3110","63,6587","63,2835","","0,02%"
"02.07.2019","63,3110","62,9730","63,3843","62,9600","","0,54%"
"01.07.2019","62,9730","63,2305","63,2400","62,7961","","-0,41%"
"28.06.2019","63,2305","63,0788","63,2775","62,8586","","0,24%"
"27.06.2019","63,0788","63,0602","63,1348","62,9432","","0,03%"
"26.06.2019","63,0602","62,8613","63,2246","62,7676","","0,32%"
"25.06.2019","62,8613","62,5840","63,0230","62,4997","","0,44%"
"24.06.2019","62,5840","63,0073","63,0250","62,5835","","-0,67%"
"21.06.2019","63,0073","62,9100","63,5455","62,8900","","0,15%"
"20.06.2019","62,9100","63,7783","63,7850","62,8731","","-1,36%"
"19.06.2019","63,7783","64,0250","64,0491","63,7154","","-0,39%"
"18.06.2019","64,0250","64,3192","64,3840","63,9222","","-0,46%"
"17.06.2019","64,3192","64,3018","64,3525","64,1405","","-0,11%"
"14.06.2019","64,3915","64,5806","64,5806","64,2199","","-0,29%"
"13.06.2019","64,5806","64,5588","64,7037","64,5014","","0,03%"
"11.06.2019","64,5588","64,7798","64,7800","64,4483","","-0,34%"
"10.06.2019","64,7798","64,8700","64,8800","64,6361","","-0,14%"
"07.06.2019","64,8700","65,0850","65,1460","64,7615","","-0,33%"
"06.06.2019","65,0850","65,3773","65,3950","65,0255","","-0,45%"
"05.06.2019","65,3773","65,1582","65,3877","64,9647","","0,34%"
"04.06.2019","65,1582","65,3445","65,3445","65,0033","","-0,29%"
"03.06.2019","65,3445","65,4306","65,5915","65,1698","","-0,13%"
"31.05.2019","65,4306","65,1893","65,5839","65,1330","","0,37%"
"30.05.2019","65,1893","64,9661","65,1975","64,8899","","0,34%"
"29.05.2019","64,9661","64,7077","65,3771","64,7077","","0,40%"
"28.05.2019","64,7077","64,4589","64,7413","64,4589","","0,39%"
"27.05.2019","64,4589","64,4809","64,4991","64,3663","","-0,03%"
"24.05.2019","64,4809","64,8495","64,8550","64,4082","","-0,57%"
"23.05.2019","64,8495","64,3877","64,9204","64,3877","","0,72%"
"22.05.2019","64,3877","64,4213","64,4700","64,1530","","-0,05%"
"21.05.2019","64,4213","64,5266","64,6044","64,3503","","-0,16%"
"20.05.2019","64,5266","64,7683","64,7775","64,4319","","-0,37%"
"17.05.2019","64,7683","64,6215","64,7966","64,5595","","0,23%"
"16.05.2019","64,6215","64,6534","64,6639","64,4029","","-0,05%"
"15.05.2019","64,6534","64,9450","64,9557","64,4915","","-0,45%"
"14.05.2019","64,9450","65,4278","65,4320","64,8603","","-0,74%"
"13.05.2019","65,4278","65,1033","65,5448","65,0750","","0,50%"
"10.05.2019","65,1033","65,0687","65,4374","65,0601","","0,05%"
"08.05.2019","65,0687","65,3974","65,4075","64,9192","","-0,50%"
"07.05.2019","65,3974","65,2236","65,4538","65,0155","","0,27%"
"06.05.2019","65,2236","65,0880","65,4946","65,0580","","0,21%"
"03.05.2019","65,0880","65,4368","65,5983","65,0214","","-0,53%"
"02.05.2019","65,4368","64,6373","65,5575","64,6225","","1,24%"
"30.04.2019","64,6373","64,4728","64,8589","64,3364","","0,26%"
"29.04.2019","64,4728","64,7334","64,7545","64,4138","","-0,40%"
"26.04.2019","64,7334","64,6565","64,8680","64,5910","","0,12%"
"25.04.2019","64,6565","64,3406","64,9696","64,3225","","0,49%"
"24.04.2019","64,3406","63,6853","64,4924","63,6852","","1,03%"
"23.04.2019","63,6853","63,8083","63,8839","63,6600","","-0,19%"
"22.04.2019","63,8083","64,0515","64,0515","63,7478","","-0,38%"
"19.04.2019","64,0515","63,8939","64,0750","63,8925","","0,25%"
"18.04.2019","63,8939","63,8584","64,1492","63,8450","","0,06%"
"17.04.2019","63,8584","64,1045","64,1045","63,8009","","-0,38%"
"16.04.2019","64,1045","64,2670","64,4388","64,0820","","-0,25%"
"15.04.2019","64,2670","64,3497","64,3794","64,1838","","-0,13%"
"12.04.2019","64,3497","64,6097","64,6273","64,1372","","-0,40%"
"11.04.2019","64,6097","64,3223","64,7026","64,2925","","0,45%"
"10.04.2019","64,3223","64,9032","64,9200","64,2180","","-0,90%"
"09.04.2019","64,9032","64,8788","64,9442","64,6446","","0,04%"
"08.04.2019","64,8788","65,3465","65,4474","64,8175","","-0,72%"
"05.04.2019","65,3465","65,4796","65,4796","65,1690","","-0,20%"
"04.04.2019","65,4796","65,2355","65,6049","65,1940","","0,37%"
"03.04.2019","65,2355","65,2990","65,4300","65,0491","","-0,10%"
"02.04.2019","65,2990","65,1784","65,5466","65,1725","","0,19%"
"01.04.2019","65,1784","65,6340","65,8261","65,1551","","-0,69%"
"29.03.2019","65,6340","64,9382","65,7408","64,6030","","1,07%"
"28.03.2019","64,9382","64,8291","65,2826","64,7134","","0,17%"
"27.03.2019","64,8291","64,3919","64,9781","64,3919","","0,68%"
"26.03.2019","64,3919","64,0807","64,4669","64,0475","","0,49%"
"25.03.2019","64,0807","64,6616","64,6616","63,9326","","-0,90%"
"22.03.2019","64,6616","63,8684","64,8218","63,7136","","1,24%"
"21.03.2019","63,8684","63,8577","63,9472","63,6471","","0,02%"
"20.03.2019","63,8577","64,3800","64,3900","63,6733","","-0,81%"
"19.03.2019","64,3800","64,3651","64,5715","64,1864","","0,02%"
"18.03.2019","64,3651","64,8075","64,8150","64,1468","","-0,68%"
"15.03.2019","64,8075","65,5140","65,5140","64,8038","","-1,08%"
"14.03.2019","65,5140","65,3932","65,5892","65,3209","","0,18%"
"13.03.2019","65,3932","65,6236","65,6250","65,3310","","-0,35%"
"12.03.2019","65,6236","65,9751","65,9751","65,5500","","-0,53%"
"11.03.2019","65,9751","66,2827","66,2840","65,9356","","-0,46%"
"07.03.2019","66,2827","65,9751","66,3013","65,8592","","0,47%"
"06.03.2019","65,9751","65,7624","66,0231","65,7615","","0,32%"
"05.03.2019","65,7624","65,7387","65,8429","65,7061","","0,04%"
"04.03.2019","65,7387","65,9365","65,9400","65,6449","","-0,30%"
"01.03.2019","65,9365","65,9151","65,9407","65,6318","","0,03%"
"28.02.2019","65,9151","65,7901","65,9372","65,6940","","0,19%"
"27.02.2019","65,7901","65,6999","66,0094","65,6765","","0,14%"
"26.02.2019","65,6999","65,4950","65,9303","65,4900","","0,31%"
"25.02.2019","65,4950","65,3869","65,6314","65,1670","","0,17%"
"22.02.2019","65,3869","65,5739","65,6533","65,3103","","-0,29%"
"21.02.2019","65,5739","65,6328","65,7000","65,3758","","-0,09%"
"20.02.2019","65,6328","65,7666","65,9290","65,4720","","-0,20%"
"19.02.2019","65,7666","66,2745","66,3055","65,7434","","-0,77%"
"18.02.2019","66,2745","66,3093","66,3478","66,0955","","-0,05%"
"15.02.2019","66,3093","66,6512","66,7704","66,3000","","-0,51%"
"14.02.2019","66,6512","66,5134","67,1574","66,2939","","0,21%"
"13.02.2019","66,5134","65,8784","66,5180","65,6300","","0,96%"
"12.02.2019","65,8784","65,8422","66,1677","65,5134","","0,05%"
"11.02.2019","65,8422","65,7932","65,8977","65,5383","","0,07%"
"08.02.2019","65,7932","65,9173","66,1049","65,6593","","-0,19%"
"07.02.2019","65,9173","65,8698","66,1485","65,8662","","0,07%"
"06.02.2019","65,8698","65,6228","65,9197","65,6183","","0,38%"
"05.02.2019","65,6228","65,5888","65,6437","65,4256","","0,05%"
"04.02.2019","65,5888","65,5049","65,7227","65,4975","","0,13%"
"01.02.2019","65,5049","65,4103","65,7353","65,3280","","0,14%"
"31.01.2019","65,4103","65,5051","65,6908","65,1713","","-0,14%"
"30.01.2019","65,5051","66,0576","66,1682","65,4006","","-0,84%"
"29.01.2019","66,0576","66,2640","66,4037","65,9805","","-0,31%"
"28.01.2019","66,2640","65,9938","66,3480","65,8231","","0,41%"
"25.01.2019","65,9938","65,7634","66,2490","65,7133","","0,35%"
"24.01.2019","65,7634","66,0805","66,1021","65,6892","","-0,48%"
"23.01.2019","66,0805","66,5341","66,5350","66,0359","","-0,68%"
"22.01.2019","66,5341","66,3882","66,6058","66,3882","","0,22%"
"21.01.2019","66,3882","66,2722","66,4721","66,2393","","0,18%"
"18.01.2019","66,2722","66,3653","66,4941","66,1343","","-0,14%"
"17.01.2019","66,3653","66,3720","66,6756","66,2694","","-0,01%"
"16.01.2019","66,3720","66,9595","66,9795","66,2599","","-0,88%"
"15.01.2019","66,9595","67,0783","67,1431","66,8899","","-0,18%"
"14.01.2019","67,0783","66,8938","67,2961","66,8750","","0,28%"
"11.01.2019","66,8938","66,9102","67,1494","66,8030","","-0,02%"
"10.01.2019","66,9102","66,7328","67,3379","66,7328","","0,27%"
"09.01.2019","66,7328","66,9003","67,2291","66,6900","","-0,25%"
"08.01.2019","66,9003","67,7368","67,7518","66,7430","","-1,23%"
"04.01.2019","67,7368","68,6577","68,6800","67,5281","","-1,34%"
"03.01.2019","68,6577","69,8319","69,8326","68,5330","","-1,68%"
"29.12.2018","69,8319","69,5012","69,9427","69,4056","","0,48%"
"28.12.2018","69,5012","69,5675","69,7010","69,2498","","-0,10%"
"27.12.2018","69,5675","68,6993","69,7502","68,5650","","1,26%"
"26.12.2018","68,6993","68,6627","69,4638","68,6611","","0,05%"
"25.12.2018","68,6627","68,5829","68,9598","68,4192","","0,12%"
"24.12.2018","68,5829","68,8671","68,8671","68,2084","","-0,41%"
"21.12.2018","68,8671","68,3253","69,1230","67,8681","","0,79%"
"20.12.2018","68,3253","67,4674","68,6565","67,2524","","1,27%"
"19.12.2018","67,4674","67,2727","67,7794","66,9913","","0,29%"
"18.12.2018","67,2727","66,7793","67,3290","66,6201","","0,74%"
"17.12.2018","66,7793","66,7450","66,7990","66,4451","","0,05%"
"14.12.2018","66,7450","66,2312","66,8029","66,2312","","0,78%"
"13.12.2018","66,2312","66,3996","66,4813","66,1478","","-0,25%"
"12.12.2018","66,3996","66,3795","66,5220","66,1417","","0,03%"
"11.12.2018","66,3795","66,6529","66,6529","66,2263","","-0,41%"
"10.12.2018","66,6529","66,4006","66,7000","66,1600","","0,38%"
"07.12.2018","66,4006","66,8741","67,0439","66,0028","","-0,71%"
"06.12.2018","66,8741","66,5669","67,1998","66,5669","","0,46%"
"05.12.2018","66,5669","66,8401","66,8793","66,4718","","-0,41%"
"04.12.2018","66,8401","66,5095","66,8968","66,2103","","0,50%"
"03.12.2018","66,5095","66,9510","66,9510","66,1500","","-0,66%"
"30.11.2018","66,9510","66,2124","67,1777","66,2100","","1,12%"
"29.11.2018","66,2124","66,9647","66,9647","65,9739","","-1,12%"
"28.11.2018","66,9647","67,0611","67,5114","66,7872","","-0,14%"
"27.11.2018","67,0611","67,0954","67,3730","66,4927","","-0,05%"
"26.11.2018","67,0954","66,1953","67,3258","66,1923","","1,36%"
"23.11.2018","66,1953","65,6232","66,4162","65,5717","","0,87%"
"22.11.2018","65,6232","65,6668","65,7475","65,4319","","-0,07%"
"21.11.2018","65,6668","66,1682","66,1682","65,5327","","-0,76%"
"20.11.2018","66,1682","65,5405","66,2400","65,5232","","0,96%"
"19.11.2018","65,5405","65,9801","66,0985","65,4953","","-0,67%"
"16.11.2018","65,9801","65,8920","66,1915","65,6847","","0,13%"
"15.11.2018","65,8920","67,0379","67,0379","65,8692","","-1,71%"
"14.11.2018","67,0379","68,1147","68,2775","67,0162","","-1,58%"
"13.11.2018","68,1147","67,8460","68,1584","67,5514","","0,40%"
"12.11.2018","67,8460","68,1088","68,1175","67,3635","","-0,39%"
"09.11.2018","68,1088","66,9029","68,1682","66,7740","","1,80%"
"08.11.2018","66,9029","66,3182","66,9499","66,1354","","0,88%"
"07.11.2018","66,3182","66,1311","66,3198","65,8371","","0,28%"
"06.11.2018","66,1311","66,2021","66,2027","65,7600","","-0,11%"
"02.11.2018","66,2021","65,7256","66,2806","65,5291","","0,72%"
"01.11.2018","65,7256","65,8789","65,8789","65,5689","","-0,23%"
"31.10.2018","65,8789","65,5526","65,8875","65,5336","","0,50%"
"30.10.2018","65,5526","65,8499","65,8500","65,5168","","-0,45%"
"29.10.2018","65,8499","65,7188","65,9379","65,4803","","0,20%"
"26.10.2018","65,7188","65,5962","65,9279","65,5292","","0,19%"
"25.10.2018","65,5962","65,6765","65,8774","65,4476","","-0,12%"
"24.10.2018","65,6765","65,5107","65,7762","65,0137","","0,25%"
"23.10.2018","65,5107","65,2420","65,7062","65,2342","","0,41%"
"22.10.2018","65,2420","65,4911","65,5208","65,0090","","-0,38%"
"19.10.2018","65,4911","65,8044","65,9110","65,3511","","-0,48%"
"18.10.2018","65,8044","65,4946","65,8900","65,4671","","0,47%"
"17.10.2018","65,4946","65,3067","65,6706","65,2835","","0,29%"
"16.10.2018","65,3067","65,6526","65,6526","65,2488","","-0,53%"
"15.10.2018","65,6526","66,1173","66,1224","65,3140","","-0,70%"
"12.10.2018","66,1173","66,2668","66,4135","65,8925","","-0,23%"
"11.10.2018","66,2668","66,8935","66,9631","66,0413","","-0,94%"
"10.10.2018","66,8935","66,2607","66,9000","66,0463","","0,96%"
"09.10.2018","66,2607","66,5707","66,8380","66,1607","","-0,47%"
"08.10.2018","66,5707","66,5795","67,0725","66,5515","","-0,01%"
"05.10.2018","66,5795","67,0142","67,0175","66,4153","","-0,65%"
"04.10.2018","67,0142","65,8700","67,0410","65,8625","","1,74%"
"03.10.2018","65,8700","65,5030","65,8845","65,3555","","0,56%"
"02.10.2018","65,5030","64,9848","65,6018","64,9848","","0,80%"
"01.10.2018","64,9848","65,5503","65,7078","64,8565","","-0,86%"
"28.09.2018","65,5503","65,6158","65,9089","65,4028","","-0,10%"
"27.09.2018","65,6158","65,8054","65,9168","65,2283","","-0,29%"
"26.09.2018","65,8054","65,8789","66,0896","65,6851","","-0,11%"
"25.09.2018","65,8789","65,8465","65,9896","65,5372","","0,05%"
"24.09.2018","65,8465","66,4138","66,4138","65,6945","","-0,85%"
"21.09.2018","66,4138","66,2735","66,7967","66,1327","","0,21%"
"20.09.2018","66,2735","66,8168","66,8300","66,2107","","-0,81%"
"19.09.2018","66,8168","67,3648","67,3725","66,6968","","-0,81%"
"18.09.2018","67,3648","68,0636","68,0641","67,3173","","-1,03%"
"17.09.2018","68,0636","68,0749","68,3601","67,9391","","-0,02%"
"14.09.2018","68,0749","68,2455","68,5237","67,4784","","-0,25%"
"13.09.2018","68,2455","69,0146","69,0325","67,9675","","-1,11%"
"12.09.2018","69,0146","69,4245","69,7929","68,6733","","-0,59%"
"11.09.2018","69,4245","70,5613","70,5650","69,4087","","-1,61%"
"10.09.2018","70,5613","69,9025","70,5897","69,7230","","0,94%"
"07.09.2018","69,9025","69,2575","69,9395","68,8423","","0,93%"
"06.09.2018","69,2575","68,2578","69,6148","68,1881","","1,46%"
"05.09.2018","68,2578","68,1158","68,5645","68,1100","","0,21%"
"04.09.2018","68,1158","68,1184","68,4754","67,9944","","0,00%"
"03.09.2018","68,1184","67,5458","68,1643","67,5458","","0,85%"
"31.08.2018","67,5458","68,2441","68,2441","67,3269","","-1,02%"
"30.08.2018","68,2441","67,9422","68,3897","67,7914","","0,44%"
"29.08.2018","67,9422","67,8700","68,3833","67,7224","","0,11%"
"28.08.2018","67,8700","67,5231","67,9104","67,2528","","0,51%"
"27.08.2018","67,5231","67,0894","67,6597","66,9967","","0,65%"
"24.08.2018","67,0894","68,1905","68,1908","67,0726","","-1,61%"
"23.08.2018","68,1905","68,0280","69,0010","67,4500","","0,24%"
"22.08.2018","68,0280","67,2698","68,4353","67,2698","","1,13%"
"21.08.2018","67,2698","67,1083","67,6011","66,8675","","0,24%"
"20.08.2018","67,1083","67,0448","67,3412","67,0045","","0,09%"
"17.08.2018","67,0448","66,8308","67,6100","66,7928","","0,32%"
"16.08.2018","66,8308","67,2998","67,2998","66,6444","","-0,70%"
"15.08.2018","67,2998","66,3370","67,7464","66,2508","","1,45%"
"14.08.2018","66,3370","67,8125","67,8125","66,3200","","-2,18%"
"13.08.2018","67,8125","67,7061","68,4780","67,4638","","0,16%"
"10.08.2018","67,7061","66,6899","67,8939","66,5522","","1,52%"
"09.08.2018","66,6899","65,5490","66,6944","65,5475","","1,74%"
"08.08.2018","65,5490","63,5012","65,5793","63,4547","","3,22%"
"07.08.2018","63,5012","63,7398","63,7403","63,3874","","-0,37%"
"06.08.2018","63,7398","63,3389","63,7844","63,3375","","0,63%"
"03.08.2018","63,3389","63,3833","63,5320","63,1605","","-0,07%"
"02.08.2018","63,3833","63,0369","63,5460","63,0369","","0,55%"
"01.08.2018","63,0369","62,5078","63,0715","62,4910","","0,85%"
"31.07.2018","62,5078","62,2518","62,5875","62,2298","","0,41%"
"30.07.2018","62,2518","62,7967","62,8732","62,1998","","-0,87%"
"27.07.2018","62,7967","62,9533","63,0418","62,6598","","-0,25%"
"26.07.2018","62,9533","62,8188","63,0913","62,8181","","0,21%"
"25.07.2018","62,8188","63,3094","63,3250","62,8188","","-0,77%"
"24.07.2018","63,3094","63,0689","63,4928","62,6703","","0,38%"
"23.07.2018","63,0689","63,5093","63,5151","62,9781","","-0,69%"
"20.07.2018","63,5093","63,6649","63,6649","63,3107","","-0,24%"
"19.07.2018","63,6649","62,9669","63,7818","62,9625","","1,11%"
"18.07.2018","62,9669","62,5927","63,2362","62,5927","","0,60%"
"17.07.2018","62,5927","62,3227","62,5939","62,3227","","0,43%"
"16.07.2018","62,3227","62,5553","62,5600","62,1071","","-0,37%"
"13.07.2018","62,5553","62,2673","62,7571","62,0762","","0,46%"
"12.07.2018","62,2673","62,3559","62,3593","61,9428","","-0,14%"
"11.07.2018","62,3559","61,7370","62,4478","61,6538","","1,00%"
"10.07.2018","61,7370","62,4951","62,6369","61,6555","","-1,21%"
"09.07.2018","62,4951","62,9677","62,9725","62,4225","","-0,75%"
"06.07.2018","62,9677","63,1154","63,2524","62,9166","","-0,23%"
"05.07.2018","63,1154","63,2333","63,3547","62,9410","","-0,19%"
"04.07.2018","63,2333","63,1266","63,3359","63,0745","","0,17%"
"03.07.2018","63,1266","63,4293","63,4318","63,0948","","-0,48%"
"02.07.2018","63,4293","62,7338","63,5925","62,7338","","1,11%"
"29.06.2018","62,7338","62,8012","62,8704","62,5818","","-0,11%"
"28.06.2018","62,8012","63,2109","63,4490","62,8007","","-0,65%"
"27.06.2018","63,2109","63,0303","63,3813","62,8725","","0,29%"
"26.06.2018","63,0303","62,7825","63,3300","62,7314","","0,39%"
"25.06.2018","62,7825","62,8773","63,1792","62,6390","","-0,15%"
"22.06.2018","62,8773","63,7063","63,7150","62,8093","","-1,30%"
"21.06.2018","63,7063","63,6888","63,9063","63,4867","","0,03%"
"20.06.2018","63,6888","63,8736","63,8756","63,4157","","-0,29%"
"19.06.2018","63,8736","63,4583","64,1873","63,4525","","0,65%"
"18.06.2018","63,4583","63,1880","63,7822","63,1880","","0,43%"
"15.06.2018","63,1880","62,6085","63,3124","62,4865","","0,93%"
"14.06.2018","62,6085","62,5049","62,6437","61,9753","","0,17%"
"13.06.2018","62,5049","62,8155","63,2129","62,3066","","-0,49%"
"11.06.2018","62,8155","62,5143","62,9075","62,0961","","0,48%"
"09.06.2018","62,5143","62,3193","62,5945","62,2495","","0,31%"
"08.06.2018","62,3193","62,4179","62,9200","62,2482","","-0,16%"
"07.06.2018","62,4179","61,7848","62,6340","61,7060","","1,02%"
"06.06.2018","61,7848","62,1456","62,1606","61,7787","","-0,58%"
"05.06.2018","62,1456","62,0607","62,4400","61,8909","","0,14%"
"04.06.2018","62,0607","62,2012","62,2012","61,8242","","-0,23%"
"01.06.2018","62,2012","62,4030","62,4030","61,9713","","-0,32%"
"31.05.2018","62,4030","62,0777","62,5454","61,9462","","0,52%"
"30.05.2018","62,0777","62,8181","62,8181","62,0012","","-1,18%"
"29.05.2018","62,8181","62,2991","62,9077","62,2991","","0,83%"
"28.05.2018","62,2991","62,2765","62,4880","62,1213","","0,04%"
"25.05.2018","62,2765","61,6104","62,3334","61,5382","","1,08%"
"24.05.2018","61,6104","61,3504","61,6700","61,2974","","0,42%"
"23.05.2018","61,3504","61,2143","61,8125","61,2100","","0,22%"
"22.05.2018","61,2143","61,6018","61,6183","60,9633","","-0,63%"
"21.05.2018","61,6018","62,2670","62,6850","61,5269","","-1,08%"
"18.05.2018","62,2749","62,1747","62,6790","61,8478","","0,16%"
"17.05.2018","62,1747","61,7229","62,2200","61,7229","","0,73%"
"16.05.2018","61,7229","62,3277","62,6263","61,6287","","-0,97%"
"15.05.2018","62,3277","61,8468","62,7500","61,7968","","0,78%"
"14.05.2018","61,8468","61,9193","61,9193","61,5616","","-0,12%"
"11.05.2018","61,9193","61,7100","62,0341","61,4434","","0,34%"
"10.05.2018","61,7100","63,2083","63,2250","61,5930","","-2,37%"
"08.05.2018","63,2083","62,9264","63,6426","62,8283","","0,45%"
"07.05.2018","62,9264","62,5452","63,0016","62,5046","","0,61%"
"04.05.2018","62,5452","63,0305","63,4719","62,3503","","-0,77%"
"03.05.2018","63,0305","64,0141","64,0200","62,8649","","-1,54%"
"02.05.2018","64,0141","62,9408","64,1935","62,9225","","1,71%"
"30.04.2018","62,9408","62,2628","63,1508","62,2402","","1,09%"
"28.04.2018","62,2628","62,7207","62,8341","61,8782","","0,19%"
"27.04.2018","62,1468","62,7207","62,8341","61,8782","","-0,92%"
"26.04.2018","62,7207","62,4365","62,9850","62,2430","","0,46%"
"25.04.2018","62,4365","61,6169","62,4859","61,6169","","1,33%"
"24.04.2018","61,6169","61,8073","61,8078","61,3581","","-0,31%"
"23.04.2018","61,8073","61,3989","62,1767","61,3226","","0,67%"
"20.04.2018","61,3989","60,8735","61,5818","60,8735","","0,86%"
"19.04.2018","60,8735","60,8345","61,1924","60,6102","","0,06%"
"18.04.2018","60,8345","61,5287","61,8576","60,7676","","-1,13%"
"17.04.2018","61,5287","61,1455","62,0177","60,8590","","0,63%"
"16.04.2018","61,1455","62,0141","62,4793","60,9900","","-1,40%"
"13.04.2018","62,0141","62,0033","62,2594","61,2551","","0,02%"
"12.04.2018","62,0033","62,5825","62,8793","61,2750","","-0,93%"
"11.04.2018","62,5825","63,0382","65,0144","62,1459","","-0,72%"
"10.04.2018","63,0382","60,6508","63,8925","60,3127","","3,94%"
"09.04.2018","60,6508","58,1605","60,6525","58,1605","","4,28%"
"06.04.2018","58,1605","57,7010","58,1675","57,7010","","0,80%"
"05.04.2018","57,7010","57,4433","57,7699","57,4433","","0,45%"
"04.04.2018","57,4433","57,5754","57,9026","57,4249","","-0,23%"
"03.04.2018","57,5754","57,4961","57,6986","57,4579","","0,14%"
"02.04.2018","57,4961","57,1444","57,6362","57,1444","","0,62%"
"30.03.2018","57,1444","57,2599","57,4732","57,0325","","-0,20%"
"29.03.2018","57,2599","57,7175","57,8273","57,2521","","-0,79%"
"28.03.2018","57,7175","57,5140","57,8820","57,4770","","0,35%"
"27.03.2018","57,5140","57,1677","57,5295","57,0975","","0,61%"
"26.03.2018","57,1677","57,2738","57,4992","56,8285","","-0,19%"
"23.03.2018","57,2738","57,2432","57,3313","56,9892","","0,05%"
"22.03.2018","57,2432","56,8775","57,2729","56,7460","","0,64%"
"21.03.2018","56,8775","57,5115","57,6017","56,8554","","-1,10%"
"20.03.2018","57,5115","57,8321","57,8878","57,4233","","-0,55%"
"19.03.2018","57,8321","57,4925","58,0234","57,4665","","0,59%"
"16.03.2018","57,4925","57,4571","57,8008","57,3934","","0,06%"
"15.03.2018","57,4571","57,1378","57,5252","56,9398","","0,56%"
"14.03.2018","57,1378","57,0321","57,2934","56,7719","","0,19%"
"13.03.2018","57,0321","56,8865","57,1216","56,6522","","0,26%"
"12.03.2018","56,8865","56,6574","56,9860","56,4977","","0,40%"
"09.03.2018","56,6574","56,8026","57,0952","56,5997","","-0,26%"
"07.03.2018","56,8026","56,6653","57,0530","56,6653","","0,24%"
"06.03.2018","56,6653","56,4175","56,7557","56,2690","","0,44%"
"05.03.2018","56,4175","56,8092","57,2832","56,4175","","-0,69%"
"02.03.2018","56,8092","56,8218","57,3715","56,5786","","-0,02%"
"01.03.2018","56,8218","56,3291","57,0454","56,3291","","0,87%"
"28.02.2018","56,3291","56,2801","56,4651","56,0549","","0,09%"
"27.02.2018","56,2801","55,7134","56,3423","55,5655","","1,02%"
"26.02.2018","55,7134","56,5174","56,5175","55,7120","","-1,42%"
"22.02.2018","56,5174","56,7495","56,8517","56,4893","","-0,41%"
"21.02.2018","56,7495","56,5621","56,7690","56,4645","","0,33%"
"20.02.2018","56,5621","56,4710","56,7657","56,4027","","0,16%"
"19.02.2018","56,4710","56,3906","56,5484","56,2489","","0,14%"
"16.02.2018","56,3906","56,4008","56,4670","56,1806","","-0,02%"
"15.02.2018","56,4008","56,7102","56,8745","56,3995","","-0,55%"
"14.02.2018","56,7102","57,6292","57,7625","56,7101","","-1,59%"
"13.02.2018","57,6292","57,8294","57,9505","57,6102","","-0,35%"
"12.02.2018","57,8294","58,3863","58,3863","57,6631","","-0,95%"
"09.02.2018","58,3863","58,4188","58,7583","57,9218","","-0,06%"
"08.02.2018","58,4188","57,6110","58,4195","57,5303","","1,40%"
"07.02.2018","57,6110","56,8765","57,6110","56,7790","","1,29%"
"06.02.2018","56,8765","57,2066","57,4269","56,8663","","-0,58%"
"05.02.2018","57,2066","56,5501","57,2224","56,4996","","1,16%"
"02.02.2018","56,5501","55,9171","56,5510","55,9135","","1,13%"
"01.02.2018","55,9171","56,2075","56,4189","55,9171","","-0,52%"
"31.01.2018","56,2075","56,3823","56,3850","56,0870","","-0,31%"
"30.01.2018","56,3823","56,3178","56,4387","55,8859","","0,11%"
"29.01.2018","56,3178","56,2572","56,5132","56,1750","","0,11%"
"26.01.2018","56,2572","55,9244","56,2638","55,7445","","0,60%"
"25.01.2018","55,9244","56,1780","56,1780","55,5973","","-0,45%"
"24.01.2018","56,1780","56,3553","56,4700","56,1700","","-0,31%"
"23.01.2018","56,3553","56,5021","56,5872","56,3408","","-0,26%"
"22.01.2018","56,5021","56,7174","56,7177","56,4497","","-0,38%"
"19.01.2018","56,7174","56,5177","56,7350","56,5177","","0,35%"
"18.01.2018","56,5177","56,7504","56,8356","56,4102","","-0,41%"
"17.01.2018","56,7504","56,5307","56,9430","56,5290","","0,39%"
"16.01.2018","56,5307","56,3352","56,5428","56,3197","","0,35%"
"15.01.2018","56,3352","56,6433","56,6500","56,2748","","-0,54%"
"12.01.2018","56,6433","56,4285","56,7417","56,4274","","0,38%"
"11.01.2018","56,4285","57,0222","57,0698","56,4285","","-1,04%"
"10.01.2018","57,0222","56,9930","57,0982","56,7715","","0,05%"
"09.01.2018","56,9930","56,9903","57,1833","56,8313","","0,00%"
"05.01.2018","56,9903","56,8765","57,1261","56,8765","","0,20%"
"04.01.2018","56,8765","57,2561","57,2845","56,8000","","-0,66%"
"03.01.2018","57,2561","57,6114","57,6114","57,1262","","-0,62%"
"29.12.2017","57,6114","57,5153","57,9112","57,4785","","0,17%"
"28.12.2017","57,5153","57,7424","57,7435","57,4030","","-0,39%"
"27.12.2017","57,7424","57,6230","57,9156","57,3927","","0,21%"
"26.12.2017","57,6230","57,9674","58,0099","57,5805","","-0,59%"
"25.12.2017","57,9674","58,3697","58,3764","57,8083","","-0,69%"
"22.12.2017","58,3697","58,4615","58,4616","58,2079","","-0,16%"
"21.12.2017","58,4615","58,7035","58,7068","58,4261","","-0,41%"
"20.12.2017","58,7035","58,7743","58,7757","58,5970","","-0,12%"
"19.12.2017","58,7743","58,6635","58,8440","58,5448","","0,19%"
"18.12.2017","58,6635","58,8009","58,8009","58,5652","","-0,23%"
"15.12.2017","58,8009","58,7556","59,0217","58,7269","","0,08%"
"14.12.2017","58,7556","58,6190","58,9110","58,5582","","0,23%"
"13.12.2017","58,6190","59,2960","59,2960","58,5586","","-1,14%"
"12.12.2017","59,2960","58,9983","59,2968","58,7872","","0,50%"
"11.12.2017","58,9983","59,1639","59,3194","58,8852","","-0,28%"
"08.12.2017","59,1639","59,1867","59,3811","59,0525","","-0,04%"
"07.12.2017","59,1867","59,2180","59,3672","59,0798","","-0,05%"
"06.12.2017","59,2180","58,7367","59,2446","58,7367","","0,82%"
"05.12.2017","58,7367","58,8003","58,8250","58,6023","","-0,11%"
"04.12.2017","58,8003","58,8960","59,1027","58,6600","","-0,16%"
"01.12.2017","58,8960","58,4380","59,1325","58,4380","","0,78%"
"30.11.2017","58,4380","58,6144","58,7343","58,3637","","-0,30%"
"29.11.2017","58,6144","58,3803","58,7033","58,2550","","0,40%"
"28.11.2017","58,3803","58,4853","58,5441","58,2163","","-0,18%"
"27.11.2017","58,4853","58,3732","58,5050","58,0566","","0,19%"
"24.11.2017","58,3732","58,4456","58,5971","58,2537","","-0,12%"
"23.11.2017","58,4456","58,5001","58,5283","58,3272","","-0,09%"
"22.11.2017","58,5001","59,1888","59,1888","58,4488","","-1,16%"
"21.11.2017","59,1888","59,3469","59,5362","59,1000","","-0,27%"
"20.11.2017","59,3469","59,0623","59,5624","59,0623","","0,48%"
"17.11.2017","59,0623","59,6749","59,7578","59,0067","","-1,03%"
"16.11.2017","59,6749","60,2027","60,2150","59,5877","","-0,88%"
"15.11.2017","60,2027","60,2303","60,4124","60,0320","","-0,05%"
"14.11.2017","60,2303","59,3625","60,2413","59,3500","","1,46%"
"13.11.2017","59,3625","59,2115","59,5688","59,0830","","0,26%"
"10.11.2017","59,2115","59,2894","59,3513","58,9798","","-0,13%"
"09.11.2017","59,2894","59,2551","59,4203","59,1150","","0,06%"
"08.11.2017","59,2551","59,3594","59,5736","59,0780","","-0,18%"
"07.11.2017","59,3594","59,0800","59,4319","58,3385","","0,47%"
"03.11.2017","59,0800","58,1619","59,2698","58,1618","","1,58%"
"02.11.2017","58,1619","58,2807","58,4353","58,0118","","-0,20%"
"01.11.2017","58,2807","58,3289","58,3992","58,0335","","-0,08%"
"31.10.2017","58,3289","57,9716","58,6003","57,9568","","0,62%"
"30.10.2017","57,9716","58,0680","58,0807","57,6700","","-0,17%"
"27.10.2017","58,0680","57,8560","58,7458","57,8547","","0,37%"
"26.10.2017","57,8560","57,7552","57,8856","57,4830","","0,17%"
"25.10.2017","57,7552","57,6412","57,8150","57,5255","","0,20%"
"24.10.2017","57,6412","57,5480","57,6950","57,3868","","0,16%"
"23.10.2017","57,5480","57,4945","57,5500","57,3863","","0,09%"
"20.10.2017","57,4945","57,2734","57,6345","57,2725","","0,39%"
"19.10.2017","57,2734","57,4379","57,7178","57,2588","","-0,29%"
"18.10.2017","57,4379","57,2975","57,5027","57,1978","","0,25%"
"17.10.2017","57,2975","57,3217","57,5419","57,2588","","-0,04%"
"16.10.2017","57,3217","57,1740","57,3797","56,9956","","0,26%"
"13.10.2017","57,1740","57,6879","57,7212","57,0587","","-0,89%"
"12.10.2017","57,6879","57,8310","57,8375","57,6272","","-0,25%"
"11.10.2017","57,8310","57,9808","58,0033","57,7717","","-0,26%"
"10.10.2017","57,9808","58,3470","58,3600","57,8178","","-0,63%"
"09.10.2017","58,3470","58,1880","58,5018","58,1880","","0,27%"
"06.10.2017","58,1880","57,6916","58,2568","57,6914","","0,86%"
"05.10.2017","57,6916","57,6845","57,7150","57,3965","","0,01%"
"04.10.2017","57,6845","57,9168","57,9168","57,5375","","-0,40%"
"03.10.2017","57,9168","57,8990","58,1529","57,8278","","0,03%"
"02.10.2017","57,8990","57,4898","57,9824","57,4800","","0,71%"
"29.09.2017","57,4898","57,9127","58,0884","57,4789","","-0,73%"
"28.09.2017","57,9127","58,1983","58,5741","57,9123","","-0,49%"
"27.09.2017","58,1983","57,8226","58,3733","57,8200","","0,65%"
"26.09.2017","57,8226","57,5710","58,1431","57,3855","","0,44%"
"25.09.2017","57,5710","57,4783","57,7437","57,2473","","0,16%"
"22.09.2017","57,4783","57,9010","57,9028","57,4402","","-0,73%"
"21.09.2017","57,9010","58,1041","58,3387","57,7718","","-0,35%"
"20.09.2017","58,1041","58,1302","58,2863","57,7269","","-0,04%"
"19.09.2017","58,1302","58,1199","58,3794","57,9240","","0,02%"
"18.09.2017","58,1199","57,6329","58,1485","57,5100","","0,85%"
"15.09.2017","57,6329","57,4996","57,7680","57,3959","","0,23%"
"14.09.2017","57,4996","57,9559","57,9559","57,3940","","-0,79%"
"13.09.2017","57,9559","57,7056","57,9761","57,5621","","0,43%"
"12.09.2017","57,7056","57,2123","57,7537","57,1371","","0,86%"
"11.09.2017","57,2123","57,3570","57,3675","57,0468","","-0,25%"
"08.09.2017","57,3570","56,9000","57,4810","56,8353","","0,80%"
"07.09.2017","56,9000","57,3641","57,3682","56,7935","","-0,81%"
"06.09.2017","57,3641","57,5270","57,5694","57,2719","","-0,28%"
"05.09.2017","57,5270","57,8349","58,0918","57,2393","","-0,53%"
"04.09.2017","57,8349","57,5159","57,9533","57,5159","","0,55%"
"01.09.2017","57,5159","58,0060","58,1910","57,3921","","-0,84%"
"31.08.2017","58,0060","58,5678","58,6391","57,9844","","-0,96%"
"30.08.2017","58,5678","58,8299","58,8998","58,3337","","-0,45%"
"29.08.2017","58,8299","58,4388","58,8808","58,4350","","0,67%"
"28.08.2017","58,4388","58,5828","58,6810","58,3434","","-0,25%"
"25.08.2017","58,5828","59,1624","59,2058","58,5597","","-0,98%"
"24.08.2017","59,1624","59,0630","59,2708","59,0630","","0,17%"
"23.08.2017","59,0630","59,0868","59,2321","59,0010","","-0,04%"
"22.08.2017","59,0868","59,1428","59,1450","58,9326","","-0,09%"
"21.08.2017","59,1428","59,0003","59,2054","58,9373","","0,24%"
"18.08.2017","59,0003","59,2340","59,4993","58,9996","","-0,39%"
"17.08.2017","59,2340","59,3852","59,4698","59,0001","","-0,25%"
"16.08.2017","59,3852","59,7038","59,7315","59,2908","","-0,53%"
"15.08.2017","59,7038","59,8630","60,1036","59,7025","","-0,27%"
"14.08.2017","59,8630","59,8733","59,8825","59,5678","","-0,02%"
"11.08.2017","59,8733","60,1170","60,2978","59,8022","","-0,41%"
"10.08.2017","60,1170","59,9945","60,1295","59,7318","","0,20%"
"09.08.2017","59,9945","59,8262","60,2120","59,8175","","0,28%"
"08.08.2017","59,8262","60,0388","60,0993","59,7073","","-0,35%"
"07.08.2017","60,0388","59,9798","60,3208","59,8786","","0,10%"
"04.08.2017","59,9798","60,3489","60,4695","59,8503","","-0,61%"
"03.08.2017","60,3489","60,5811","60,8357","60,0933","","-0,38%"
"02.08.2017","60,5811","60,3483","60,8208","60,3483","","0,39%"
"01.08.2017","60,3483","59,7719","60,3509","59,7335","","0,96%"
"31.07.2017","59,7719","59,5578","60,3264","59,5578","","0,36%"
"28.07.2017","59,5578","59,4968","59,6408","59,3795","","0,10%"
"27.07.2017","59,4968","59,4064","59,6435","59,3345","","0,15%"
"26.07.2017","59,4064","59,8868","60,0525","59,3748","","-0,80%"
"25.07.2017","59,8868","60,0094","60,1596","59,7296","","-0,20%"
"24.07.2017","60,0094","59,3829","60,1958","59,3715","","1,06%"
"21.07.2017","59,3829","58,9316","59,3932","58,7825","","0,77%"
"20.07.2017","58,9316","58,9970","59,2153","58,8018","","-0,11%"
"19.07.2017","58,9970","59,1807","59,3678","58,9362","","-0,31%"
"18.07.2017","59,1807","59,3550","59,4569","58,9138","","-0,29%"
"17.07.2017","59,3550","59,0851","59,4023","58,9745","","0,46%"
"14.07.2017","59,0851","59,8363","59,9482","59,0430","","-1,26%"
"13.07.2017","59,8363","59,9962","60,2787","59,6683","","-0,27%"
"12.07.2017","59,9962","60,7255","60,7255","59,9013","","-1,20%"
"11.07.2017","60,7255","60,2273","60,9884","60,2273","","0,83%"
"10.07.2017","60,2273","60,3610","60,5332","60,2031","","-0,22%"
"07.07.2017","60,3610","60,1558","60,6085","60,1558","","0,34%"
"06.07.2017","60,1558","59,9993","60,4011","59,7753","","0,26%"
"05.07.2017","59,9993","59,4093","60,2416","59,3157","","0,99%"
"04.07.2017","59,4093","59,2840","59,4500","59,1490","","0,21%"
"03.07.2017","59,2840","58,9401","59,4635","58,8083","","0,58%"
"30.06.2017","58,9401","59,4146","59,5184","58,8703","","-0,80%"
"29.06.2017","59,4146","59,2004","59,5745","58,9164","","0,36%"
"28.06.2017","59,2004","59,4894","59,8825","59,2003","","-0,49%"
"27.06.2017","59,4894","58,7853","59,4894","58,6671","","1,20%"
"26.06.2017","58,7853","59,3950","59,3950","58,7815","","-1,03%"
"23.06.2017","59,3950","59,9460","59,9675","59,3595","","-0,92%"
"22.06.2017","59,9460","60,3063","60,3743","59,6603","","-0,60%"
"21.06.2017","60,3063","59,6200","60,4192","59,3409","","1,15%"
"20.06.2017","59,6200","58,4527","59,7619","58,4041","","2,00%"
"19.06.2017","58,4527","57,7790","58,4727","57,6915","","1,17%"
"16.06.2017","57,7790","57,8743","57,8900","57,4375","","-0,16%"
"15.06.2017","57,8743","57,4307","57,8875","57,3269","","0,77%"
"14.06.2017","57,4307","56,9845","57,5461","56,8392","","0,78%"
"13.06.2017","56,9845","57,0237","57,0300","56,8358","","-0,07%"
"09.06.2017","57,0237","56,9048","57,0378","56,9048","","0,21%"
"08.06.2017","56,9048","57,0911","57,1124","56,8213","","-0,33%"
"07.06.2017","57,0911","56,5353","57,1621","56,5080","","0,98%"
"06.06.2017","56,5353","56,6103","56,7641","56,4212","","-0,13%"
"05.06.2017","56,6103","56,6453","56,7400","56,4881","","-0,06%"
"02.06.2017","56,6453","56,3983","56,8405","56,3850","","0,44%"
"01.06.2017","56,3983","56,5617","56,7053","56,1125","","-0,29%"
"31.05.2017","56,5617","56,5497","56,9338","56,5400","","0,02%"
"30.05.2017","56,5497","56,4855","56,7860","56,4553","","0,11%"
"29.05.2017","56,4855","56,5203","56,8079","56,2943","","-0,06%"
"26.05.2017","56,5203","56,9672","57,0016","56,4914","","-0,78%"
"25.05.2017","56,9672","56,4127","57,0174","56,0007","","0,98%"
"24.05.2017","56,4127","56,3695","56,5718","56,2238","","0,08%"
"23.05.2017","56,3695","56,6293","56,7062","56,2283","","-0,46%"
"22.05.2017","56,6293","56,9264","56,9264","56,4120","","-0,52%"
"19.05.2017","56,9264","57,5828","57,5836","56,6623","","-1,14%"
"18.05.2017","57,5828","57,0978","58,1179","57,0978","","0,85%"
"17.05.2017","57,0978","56,5699","57,0985","56,5669","","0,93%"
"16.05.2017","56,5699","56,3520","56,5699","56,1954","","0,39%"
"15.05.2017","56,3520","57,0974","57,0974","56,2318","","-1,31%"
"12.05.2017","57,0974","57,0558","57,3360","57,0013","","0,07%"
"11.05.2017","57,0558","57,4522","57,4522","56,9360","","-0,69%"
"10.05.2017","57,4522","57,9436","58,3487","57,4113","","-0,85%"
"05.05.2017","57,9436","58,3694","58,8033","57,9291","","-0,73%"
"04.05.2017","58,3694","57,3911","58,4580","57,3911","","1,70%"
"03.05.2017","57,3911","57,0137","57,3934","57,0000","","0,66%"
"02.05.2017","57,0137","56,9311","57,1600","56,8595","","0,15%"
"28.04.2017","56,9311","56,9705","57,1156","56,6332","","-0,07%"
"27.04.2017","56,9705","57,1535","57,2628","56,7246","","-0,32%"
"26.04.2017","57,1535","56,1574","57,1535","56,1574","","1,77%"
"25.04.2017","56,1574","55,8438","56,2288","55,7498","","0,56%"
"24.04.2017","55,8438","56,4576","56,4613","55,7253","","-1,09%"
"21.04.2017","56,4576","56,2073","56,5900","56,0660","","0,45%"
"20.04.2017","56,2073","56,5833","56,5833","56,1039","","-0,66%"
"19.04.2017","56,5833","56,2408","56,7334","56,0687","","0,61%"
"18.04.2017","56,2408","55,9267","56,2416","55,8661","","0,56%"
"17.04.2017","55,9267","56,3578","56,3625","55,9065","","-0,76%"
"14.04.2017","56,3578","56,2679","56,3883","56,0979","","0,16%"
"13.04.2017","56,2679","56,6023","56,6495","56,1710","","-0,59%"
"12.04.2017","56,6023","56,9215","57,1306","56,5467","","-0,56%"
"11.04.2017","56,9215","57,1778","57,1778","56,8250","","-0,45%"
"10.04.2017","57,1778","57,2480","57,5506","57,0848","","-0,12%"
"07.04.2017","57,2480","56,3955","57,2550","56,3955","","1,51%"
"06.04.2017","56,3955","56,3790","56,5688","56,1840","","0,03%"
"05.04.2017","56,3790","56,0787","56,3978","55,8088","","0,54%"
"04.04.2017","56,0787","56,0830","56,6985","56,0493","","-0,01%"
"03.04.2017","56,0830","56,2665","56,4578","55,9455","","-0,33%"
"31.03.2017","56,2665","56,0929","56,5223","55,8808","","0,31%"
"30.03.2017","56,0929","56,6068","56,6188","55,9220","","-0,91%"
"29.03.2017","56,6068","57,0335","57,1397","56,5803","","-0,75%"
"28.03.2017","57,0335","56,9101","57,1825","56,8288","","0,22%"
"27.03.2017","56,9101","56,8904","57,2148","56,7447","","0,03%"
"24.03.2017","56,8904","57,4353","57,4897","56,8890","","-0,95%"
"23.03.2017","57,4353","57,7887","57,7887","57,3400","","-0,61%"
"22.03.2017","57,7887","57,6980","58,1999","57,5705","","0,16%"
"21.03.2017","57,6980","57,2987","57,6994","57,0081","","0,70%"
"20.03.2017","57,2987","57,2234","57,6304","57,1944","","0,13%"
"17.03.2017","57,2234","57,7819","58,0353","57,1682","","-0,97%"
"16.03.2017","57,7819","58,3960","58,4995","57,6398","","-1,05%"
"15.03.2017","58,3960","59,1627","59,2051","58,3908","","-1,30%"
"14.03.2017","59,1627","58,7928","59,6053","58,7725","","0,63%"
"13.03.2017","58,7928","58,9965","59,2166","58,7725","","-0,35%"
"10.03.2017","58,9965","59,2998","59,3175","58,7240","","-0,51%"
"09.03.2017","59,2998","58,1777","59,4921","58,1777","","1,93%"
"07.03.2017","58,1777","58,2036","58,3636","57,8983","","-0,04%"
"06.03.2017","58,2036","58,2217","58,4334","57,9446","","-0,03%"
"03.03.2017","58,2217","58,8302","58,9954","58,1436","","-1,03%"
"02.03.2017","58,8302","58,2831","58,8597","58,2700","","0,94%"
"01.03.2017","58,2831","58,3058","58,5793","57,9983","","-0,04%"
"28.02.2017","58,3058","58,0784","58,4958","57,8319","","0,39%"
"27.02.2017","58,0784","58,4175","58,4175","57,5946","","-0,58%"
"24.02.2017","58,4175","58,0668","58,5460","57,7886","","0,60%"
"22.02.2017","58,0668","57,4153","58,1511","57,3144","","1,13%"
"21.02.2017","57,4153","57,9656","58,0355","57,4135","","-0,95%"
"20.02.2017","57,9656","58,4270","58,4270","57,9208","","-0,79%"
"17.02.2017","58,4270","57,5993","58,5461","57,4947","","1,44%"
"16.02.2017","57,5993","57,2565","57,6585","57,0218","","0,60%"
"15.02.2017","57,2565","57,1288","57,8502","56,5701","","0,22%"
"14.02.2017","57,1288","57,9851","57,9860","57,1017","","-1,48%"
"13.02.2017","57,9851","58,2219","58,2469","57,8578","","-0,41%"
"10.02.2017","58,2219","58,9600","58,9619","58,2166","","-1,25%"
"09.02.2017","58,9600","59,2323","59,2323","58,6990","","-0,46%"
"08.02.2017","59,2323","59,3378","59,5999","59,0993","","-0,18%"
"07.02.2017","59,3378","58,9030","59,4891","58,8981","","0,74%"
"06.02.2017","58,9030","58,9824","59,0886","58,5945","","-0,13%"
"03.02.2017","58,9824","59,4117","59,5969","58,7760","","-0,72%"
"02.02.2017","59,4117","60,1280","60,1325","58,8479","","-1,19%"
"01.02.2017","60,1280","60,1589","60,3979","60,0625","","-0,05%"
"31.01.2017","60,1589","59,9332","60,2301","59,8857","","0,38%"
"30.01.2017","59,9332","59,8178","60,2714","59,8178","","0,19%"
"27.01.2017","59,8178","60,4317","60,4465","59,5702","","-1,02%"
"26.01.2017","60,4317","59,5145","60,5662","59,4055","","1,54%"
"25.01.2017","59,5145","59,2511","59,6519","59,0756","","0,44%"
"24.01.2017","59,2511","59,5022","59,5175","59,0935","","-0,42%"
"23.01.2017","59,5022","59,7521","59,7550","59,3110","","-0,42%"
"20.01.2017","59,7521","59,7304","59,9403","59,5923","","0,04%"
"19.01.2017","59,7304","59,5544","60,2480","59,2077","","0,30%"
"18.01.2017","59,5544","59,4025","59,5545","59,0469","","0,26%"
"17.01.2017","59,4025","59,8588","59,8700","58,9786","","-0,76%"
"16.01.2017","59,8588","59,6869","59,9415","59,4971","","0,29%"
"13.01.2017","59,6869","59,3491","59,8298","59,2707","","0,57%"
"12.01.2017","59,3491","59,7256","59,7475","59,0954","","-0,63%"
"11.01.2017","59,7256","60,1636","60,6617","59,4947","","-0,73%"
"10.01.2017","60,1636","60,0788","60,2796","59,8279","","0,14%"
"09.01.2017","60,0788","59,6046","60,0860","59,6046","","0,80%"